
{
  "train": "red_line",
  "locations": [
    {
      "station": "Alewife",
      "address": "Alewife Brook Pkwy and Cambridge Park Dr, Cambridge, MA 02140",
      "train": "redline",
      "location": {"type": "Point", "coordinates": [42.394670, -71.140480]}

    },
    {
      "station": "Davis",
      "address": "College Ave and Elm St, Somerville, MA",
      "train": "redline",
      "location": {"type": "Point", "coordinates": [42.385810, -71.113580]}
    },
    {
      "station": "Porter",
      "address": "1899 Massachusetts Ave, Cambridge, MA 02140",
      "train": "redline",
      "location": {"type": "Point", "coordinates": [42.388720, -71.119470]}
    },
    {
      "station": "Harvard",
      "address": "1400 Massachusetts Ave, Cambridge, MA",
      "train": "redline",
      "location": {"type": "Point", "coordinates": [42.373720, -71.119660]}
    },
    {
      "station": "Central ",
      "address": "Massachusetts Avenue and Prospect Street, Cambridge, MA 02139",
      "train": "redline",
      "location": {"type": "Point", "coordinates": [42.365570, -71.104000]}
    },
    {
      "station": "Kendall/MIT",
      "address": "300 Main St, Cambridge, MA 02142",
      "train": "redline",
      "location": {"type": "Point", "coordinates": [42.362210, -71.086260]}
    },
    {
      "station": "Charles/MGH",
      "address": "300 Main St, Cambridge, MA 02142",
      "train": "redline",
      "location": {"type": "Point", "coordinates": [42.362210, -71.086260]}
    },
    {
      "station": "Park Street",
      "address": "Tremont St and Winter St, Boston, MA 02108",
      "train": "redline",
      "location": {"type": "Point", "coordinates": [42.356251, -71.062248]}
    },
    {
      "station": "Downtown Crossing",
      "address": "Washington St and Summer St, Boston, MA",
      "train": "redline",
      "location": {"type": "Point", "coordinates": [42.355460, -71.060540]}
    },
    {
      "station": "South station",
      "address": "700 Atlantic Ave, Boston, MA 02110",
      "train": "redline",
      "location": {"type": "Point", "coordinates": [42.362598, -71.051010]}
    },
    {
      "station": "Broadway",
      "address": "Dorchester Ave and Broadway, Boston, MA",
      "train": "redline",
      "location": {"type": "Point", "coordinates": [42.342760, -71.057160]}
    },
    {
      "station": "Andrew",
      "address": "Dorchester Ave and Southhampton St, South Boston, MA 02127",
      "train": "redline",
      "location": {"type": "Point", "coordinates": [42.329560, -71.056960]}
    },
    {
      "station": "JFK/Umass",
      "address": "599 Old Colony Ave Boston, MA 02127-3805",
      "train": "redline",
      "location": {"type": "Point", "coordinates": [42.329990, -71.052700]}
    },
    {
      "station": "North Quincy ",
      "address": "Hancock St and Hunt St, Quincy, MA 02171",
      "train": "redline",
      "location": {"type": "Point", "coordinates": [42.277401, -71.030113]}
    },
    {
      "station": "Wollaston",
      "address": "90 Woodbine St, Quincy, MA 02171",
      "train": "redline",
      "location": {"type": "Point", "coordinates": [42.266750, -71.019910]}
    },
    {
      "station": "Quincy Center",
      "address": "175 Thomas E Burgin Pkwy, Quincy, MA 02169",
      "train": "redline",
      "location": {"type": "Point", "coordinates": [42.238280, -71.006050]}
    },
    {
      "station": "Quincy Adams",
      "address": "Burgin Pkwy and Centre St, Quincy, MA 02169",
      "train": "redline",
      "location": {"type": "Point", "coordinates": [42.232910, -71.009970]}
    },
    {
      "station": "Braintree",
      "address": "197 Ivory St, Braintree, MA 02184",
      "train": "redline",
      "location": {"type": "Point", "coordinates": [42.206139, -70.999832]}
    },
    {
      "station": "Shavin Hill ",
      "address": "125 Savin Hill Ave, Dorchester, MA 02124",
      "train": "redline",
      "location": {"type": "Point", "coordinates": [42.311250, -71.053330]}
    },
    {
      "station": "Fields Corner ",
      "address": "50 Freeman St, Dorchester, MA 02122",
      "train": "redline",
      "location": {"type": "Point", "coordinates": [42.299339, -71.062202]}
    },
    {
      "station": "Shawmut",
      "address": "Dayton St and Clementine Park, Dorchester, MA 02124",
      "train": "redline",
      "location": {"type": "Point", "coordinates": [42.292080, -71.065400]}
    },
    {
      "station": "Ashmont ",
      "address": "Dorchester Ave and Ashmont St, Boston, MA 02124",
      "train": "redline",
      "location": {"type": "Point", "coordinates": [42.285750, -71.064310]}
    }
  ]
}
